{
	"info": {
		"_postman_id": "c4e625d6-2330-46cb-8b89-5c8964032ae4",
		"name": "Uber Eats Order API",
		"description": "This collection demonstrates all of the endpoints supported by the **Uber Eats Order API**.\n\nThe following environment variables are required to generate access tokens, and can be found in the Developer Dashboard (use the **Uber Eats APIs** environment template):\n\n- `uber_api_client_id`\n- `uber_api_client_secret`",
		"schema": "https://schema.getpostman.com/json/collection/v2.1.0/collection.json"
	},
	"item": [
		{
			"name": "Do First: Generate Access Token - eats.order",
			"event": [
				{
					"listen": "test",
					"script": {
						"type": "text/javascript",
						"exec": [
							"tests[\"Status code is 200\"] = responseCode.code === 200;",
							"",
							"var jsonData = JSON.parse(responseBody);",
							"tests[\"Response contains 'access_token'\"] = jsonData.hasOwnProperty(\"access_token\");",
							"postman.setEnvironmentVariable(\"eats_order_token\", jsonData.access_token);",
							""
						]
					}
				}
			],
			"request": {
				"method": "POST",
				"header": [],
				"body": {
					"mode": "urlencoded",
					"urlencoded": [
						{
							"key": "client_id",
							"value": "{{uber_api_client_id}}",
							"type": "text"
						},
						{
							"key": "client_secret",
							"value": "{{uber_api_client_secret}}",
							"type": "text"
						},
						{
							"key": "grant_type",
							"value": "client_credentials",
							"type": "text"
						},
						{
							"key": "scope",
							"value": "eats.order",
							"type": "text"
						}
					]
				},
				"url": {
					"raw": "https://login.uber.com/oauth/v2/token",
					"protocol": "https",
					"host": [
						"login",
						"uber",
						"com"
					],
					"path": [
						"oauth",
						"v2",
						"token"
					]
				},
				"description": "Ensure your environment has a `client_id` and `client_secret` environment variable."
			},
			"response": []
		},
		{
			"name": "Do First: Generate Access Token - eats.store.orders.read",
			"event": [
				{
					"listen": "test",
					"script": {
						"type": "text/javascript",
						"exec": [
							"tests[\"Status code is 200\"] = responseCode.code === 200;",
							"",
							"var jsonData = JSON.parse(responseBody);",
							"tests[\"Response contains 'access_token'\"] = jsonData.hasOwnProperty(\"access_token\");",
							"postman.setEnvironmentVariable(\"eats_store_orders_read_token\", jsonData.access_token);",
							""
						]
					}
				}
			],
			"request": {
				"method": "POST",
				"header": [],
				"body": {
					"mode": "urlencoded",
					"urlencoded": [
						{
							"key": "client_id",
							"value": "{{uber_api_client_id}}",
							"type": "text"
						},
						{
							"key": "client_secret",
							"value": "{{uber_api_client_secret}}",
							"type": "text"
						},
						{
							"key": "grant_type",
							"value": "client_credentials",
							"type": "text"
						},
						{
							"key": "scope",
							"value": "eats.store.orders.read",
							"type": "text"
						}
					]
				},
				"url": {
					"raw": "https://login.uber.com/oauth/v2/token",
					"protocol": "https",
					"host": [
						"login",
						"uber",
						"com"
					],
					"path": [
						"oauth",
						"v2",
						"token"
					]
				},
				"description": "Ensure your environment has a `client_id` and `client_secret` environment variable."
			},
			"response": []
		},
		{
			"name": "Do First: Generate Access Token - eats.store.orders.cancel",
			"event": [
				{
					"listen": "test",
					"script": {
						"type": "text/javascript",
						"exec": [
							"tests[\"Status code is 200\"] = responseCode.code === 200;",
							"",
							"var jsonData = JSON.parse(responseBody);",
							"tests[\"Response contains 'access_token'\"] = jsonData.hasOwnProperty(\"access_token\");",
							"postman.setEnvironmentVariable(\"eats_store_orders_cancel_token\", jsonData.access_token);",
							""
						]
					}
				}
			],
			"request": {
				"method": "POST",
				"header": [],
				"body": {
					"mode": "urlencoded",
					"urlencoded": [
						{
							"key": "client_id",
							"value": "{{uber_api_client_id}}",
							"type": "text"
						},
						{
							"key": "client_secret",
							"value": "{{uber_api_client_secret}}",
							"type": "text"
						},
						{
							"key": "grant_type",
							"value": "client_credentials",
							"type": "text"
						},
						{
							"key": "scope",
							"value": "eats.store.orders.cancel",
							"type": "text"
						}
					]
				},
				"url": {
					"raw": "https://login.uber.com/oauth/v2/token",
					"protocol": "https",
					"host": [
						"login",
						"uber",
						"com"
					],
					"path": [
						"oauth",
						"v2",
						"token"
					]
				},
				"description": "Ensure your environment has a `client_id` and `client_secret` environment variable."
			},
			"response": []
		},
		{
			"name": "Get Order Details (eats.store.orders.read)",
			"event": [
				{
					"listen": "test",
					"script": {
						"type": "text/javascript",
						"exec": [
							"tests[\"Successful Request\"] = responseCode.code === 200",
							"",
							"var jsonData = JSON.parse(responseBody);"
						]
					}
				}
			],
			"request": {
				"method": "GET",
				"header": [
					{
						"key": "Authorization",
						"value": "Bearer {{eats_store_orders_read_token}}"
					},
					{
						"key": "Content-Type",
						"value": "application/json"
					}
				],
				"body": {
					"mode": "raw",
					"raw": ""
				},
				"url": {
					"raw": "https://api.uber.com/v2/eats/order/{{eats_order_id}}",
					"protocol": "https",
					"host": [
						"api",
						"uber",
						"com"
					],
					"path": [
						"v2",
						"eats",
						"order",
						"{{eats_order_id}}"
					]
				}
			},
			"response": []
		},
		{
			"name": "Get Active Created Orders (eats.store.orders.read)",
			"event": [
				{
					"listen": "test",
					"script": {
						"type": "text/javascript",
						"exec": [
							"tests[\"Successful Request\"] = responseCode.code === 200",
							"",
							"var jsonData = JSON.parse(responseBody);"
						]
					}
				}
			],
			"request": {
				"method": "GET",
				"header": [
					{
						"key": "Authorization",
						"value": "Bearer {{eats_store_orders_read_token}}"
					},
					{
						"key": "Content-Type",
						"value": "application/json"
					}
				],
				"body": {
					"mode": "raw",
					"raw": ""
				},
				"url": {
					"raw": "https://api.uber.com/v1/eats/stores/{{eats_store_id}}/created-orders",
					"protocol": "https",
					"host": [
						"api",
						"uber",
						"com"
					],
					"path": [
						"v1",
						"eats",
						"stores",
						"{{eats_store_id}}",
						"created-orders"
					]
				}
			},
			"response": []
		},
		{
			"name": "Get Latest Canceled Orders (eats.store.orders.read)",
			"event": [
				{
					"listen": "test",
					"script": {
						"type": "text/javascript",
						"exec": [
							"tests[\"Successful Request\"] = responseCode.code === 200",
							"",
							"var jsonData = JSON.parse(responseBody);"
						]
					}
				}
			],
			"request": {
				"method": "GET",
				"header": [
					{
						"key": "Authorization",
						"value": "Bearer {{eats_store_orders_read_token}}"
					},
					{
						"key": "Content-Type",
						"value": "application/json"
					}
				],
				"body": {
					"mode": "raw",
					"raw": ""
				},
				"url": {
					"raw": "https://api.uber.com/v1/eats/stores/{{eats_store_id}}/canceled-orders",
					"protocol": "https",
					"host": [
						"api",
						"uber",
						"com"
					],
					"path": [
						"v1",
						"eats",
						"stores",
						"{{eats_store_id}}",
						"canceled-orders"
					]
				}
			},
			"response": []
		},
		{
			"name": "Accept Order (eats.order)",
			"event": [
				{
					"listen": "test",
					"script": {
						"type": "text/javascript",
						"exec": [
							"tests[\"Successful Request\"] = responseCode.code === 204;",
							""
						]
					}
				}
			],
			"request": {
				"method": "POST",
				"header": [
					{
						"key": "Authorization",
						"value": "Bearer {{eats_order_token}}"
					},
					{
						"key": "Content-Type",
						"value": "application/json"
					}
				],
				"body": {
					"mode": "raw",
					"raw": "{\n   \"reason\": \"Order has been accepted.\"\n}"
				},
				"url": {
					"raw": "https://api.uber.com/v1/eats/orders/{{eats_order_id}}/accept_pos_order",
					"protocol": "https",
					"host": [
						"api",
						"uber",
						"com"
					],
					"path": [
						"v1",
						"eats",
						"orders",
						"{{eats_order_id}}",
						"accept_pos_order"
					]
				}
			},
			"response": []
		},
		{
			"name": "Deny Order (eats.order)",
			"event": [
				{
					"listen": "test",
					"script": {
						"type": "text/javascript",
						"exec": [
							"tests[\"Successful Request\"] = responseCode.code === 204;",
							""
						]
					}
				}
			],
			"request": {
				"method": "POST",
				"header": [
					{
						"key": "Authorization",
						"value": "Bearer {{eats_order_token}}"
					},
					{
						"key": "Content-Type",
						"value": "application/json"
					}
				],
				"body": {
					"mode": "raw",
					"raw": "{\n   \"reason\": {\n\t\t\"explanation\": \"Order has been denied. One or more items are sold out.\"\n   }\n}"
				},
				"url": {
					"raw": "https://api.uber.com/v1/eats/orders/{{eats_order_id}}/deny_pos_order",
					"protocol": "https",
					"host": [
						"api",
						"uber",
						"com"
					],
					"path": [
						"v1",
						"eats",
						"orders",
						"{{eats_order_id}}",
						"deny_pos_order"
					]
				}
			},
			"response": []
		},
		{
			"name": "Cancel Order (eats.store.orders.cancel)",
			"event": [
				{
					"listen": "test",
					"script": {
						"type": "text/javascript",
						"exec": [
							"tests[\"Successful Request\"] = responseCode.code === 204;",
							""
						]
					}
				}
			],
			"request": {
				"method": "POST",
				"header": [
					{
						"key": "Authorization",
						"value": "Bearer {{eats_store_orders_cancel_token}}"
					},
					{
						"key": "Content-Type",
						"value": "application/json"
					}
				],
				"body": {
					"mode": "raw",
					"raw": "{\n   \"reason\": \"RESTAURANT_TOO_BUSY\"\n}"
				},
				"url": {
					"raw": "https://api.uber.com/v1/eats/orders/{{eats_order_id}}/cancel",
					"protocol": "https",
					"host": [
						"api",
						"uber",
						"com"
					],
					"path": [
						"v1",
						"eats",
						"orders",
						"{{eats_order_id}}",
						"cancel"
					]
				}
			},
			"response": []
		}
	]
}