{
	"id": "71d7d906-b9ad-4263-a6b7-84f7164a5621",
	"name": "Uber Eats APIs",
	"values": [
		{
			"key": "uber_api_client_id",
			"value": "[insert here]",
			"enabled": true
		},
		{
			"key": "uber_api_client_secret",
			"value": "[insert here]",
			"enabled": true
		},
		{
			"key": "eats_order_id",
			"value": "[insert here]",
			"enabled": true
		},
		{
			"key": "eats_store_id",
			"value": "[insert here]",
			"enabled": true
		},
		{
			"key": "eats_menu_item_id",
			"value": "[insert here]",
			"enabled": true
		},
		{
			"key": "eats_order_token",
			"value": "",
			"enabled": true
		},
		{
			"key": "eats_store_orders_read_token",
			"value": "",
			"enabled": true
		}
	],
	"_postman_variable_scope": "environment",
	"_postman_exported_at": "2019-11-27T16:29:42.123Z",
	"_postman_exported_using": "Postman/6.7.4"
}